[
    {
        "name": "ACIBADEM SİGORTA",
        "logo": "https://doruktip.com/paket/Fotograflar_tr/448.png"
    },
    {
        "name": "ACN TURK SİGORTA",
        "logo": "https://doruktip.com/paket/Fotograflar_tr/1136.png"
    },
    {
        "name": "ALLİANZ SİGORTA",
        "logo": "https://doruktip.com/paket/Fotograflar_tr/449.png"
    },
    {
        "name": "ANA SİGORTA",
        "logo": "https://doruktip.com/paket/Fotograflar_tr/1147.png"
    },
    {
        "name": "ANADOLU SİGORTA",
        "logo": "https://doruktip.com/paket/Fotograflar_tr/450.png"
    },
    {
        "name": "ANKARA SİGORTA",
        "logo": "https://doruktip.com/paket/Fotograflar_tr/451.png"
    },
    {
        "name": "AREX SİGORTA",
        "logo": "https://doruktip.com/paket/Fotograflar_tr/1148.png"
    },
    {
        "name": "AXA SİGORTA",
        "logo": "https://doruktip.com/paket/Fotograflar_tr/452.png"
    },
    {
        "name": "BEREKET EMEKLİLİK SİGORTA",
        "logo": "https://doruktip.com/paket/Fotograflar_tr/1149.png"
    },
    {
        "name": "BTSO",
        "logo": "https://doruktip.com/paket/Fotograflar_tr/1137.png"
    },
    {
        "name": "BUPA ACIBADEM",
        "logo": "https://doruktip.com/paket/Fotograflar_tr/1138.png"
    },
    {
        "name": "CGM (CHECK-UP)",
        "logo": "https://doruktip.com/paket/Fotograflar_tr/466.png"
    },
    {
        "name": "DEMİR HAYAT",
        "logo": "https://doruktip.com/paket/Fotograflar_tr/454.png"
    },
    {
        "name": "DOĞA SİGORTA",
        "logo": "https://doruktip.com/paket/Fotograflar_tr/475.png"
    },
    {
        "name": "ERGO SİGORTA",
        "logo": "https://doruktip.com/paket/Fotograflar_tr/467.png"
    },
    {
        "name": "ETHİCA SİGORTA",
        "logo": "https://doruktip.com/paket/Fotograflar_tr/477.png"
    },
    {
        "name": "EUREKO SİGORTA",
        "logo": "https://doruktip.com/paket/Fotograflar_tr/455.png"
    },
    {
        "name": "FORTİS BANK",
        "logo": "https://doruktip.com/paket/Fotograflar_tr/456.png"
    },
    {
        "name": "GENERALİ SİGORTA",
        "logo": "https://doruktip.com/paket/Fotograflar_tr/476.png"
    },
    {
        "name": "GIG SİGORTA",
        "logo": "https://doruktip.com/paket/Fotograflar_tr/1146.png"
    },
    {
        "name": "GROUPAMA SİGORTA",
        "logo": "https://doruktip.com/paket/Fotograflar_tr/457.png"
    },
    {
        "name": "GÜNEŞ SİGORTA",
        "logo": "https://doruktip.com/paket/Fotograflar_tr/458.png"
    },
    {
        "name": "HALK SİGORTA",
        "logo": "https://doruktip.com/paket/Fotograflar_tr/460.png"
    },
    {
        "name": "HDI SİGORTA A.Ş.",
        "logo": "https://doruktip.com/paket/Fotograflar_tr/478.png"
    },
    {
        "name": "HEPİYİ SİGORTA",
        "logo": "https://doruktip.com/paket/Fotograflar_tr/1142.png"
    },
    {
        "name": "İŞ BANKASI",
        "logo": "https://doruktip.com/paket/Fotograflar_tr/464.png"
    },
    {
        "name": "KATILIM EMEKLİLİK",
        "logo": "https://doruktip.com/paket/Fotograflar_tr/479.png"
    },
    {
        "name": "KATILIM SAĞLIK",
        "logo": "https://doruktip.com/paket/Fotograflar_tr/480.png"
    },
    {
        "name": "MAGDEBURGER SİGORTA",
        "logo": "https://doruktip.com/paket/Fotograflar_tr/481.png"
    },
    {
        "name": "MAPFRE SİGORTA",
        "logo": "https://doruktip.com/paket/Fotograflar_tr/1143.png"
    },
    {
        "name": "METLİFE SİGORTA",
        "logo": "https://doruktip.com/paket/Fotograflar_tr/1145.png"
    },
    {
        "name": "NEOVA KATILIM",
        "logo": "https://doruktip.com/paket/Fotograflar_tr/482.png"
    },
    {
        "name": "NEOVA SİGORTA",
        "logo": "https://doruktip.com/paket/Fotograflar_tr/483.png"
    },
    {
        "name": "NN HAYAT SİGORTA",
        "logo": "https://doruktip.com/paket/Fotograflar_tr/484.png"
    },
    {
        "name": "PRİVE SİGORTA",
        "logo": "https://doruktip.com/paket/Fotograflar_tr/1150.png"
    },
    {
        "name": "PTT",
        "logo": "https://doruktip.com/paket/Fotograflar_tr/485.png"
    },
    {
        "name": "QNB SİGORTA",
        "logo": "https://doruktip.com/paket/Fotograflar_tr/1035.png"
    },
    {
        "name": "QUICK SİGORTA",
        "logo": "https://doruktip.com/paket/Fotograflar_tr/1151.png"
    },
    {
        "name": "RAY SİGORTA A.Ş",
        "logo": "https://doruktip.com/paket/Fotograflar_tr/461.png"
    },
    {
        "name": "SAYIŞTAY",
        "logo": "https://doruktip.com/paket/Fotograflar_tr/486.png"
    },
    {
        "name": "SOMPO JAPAN",
        "logo": "https://doruktip.com/paket/Fotograflar_tr/462.png"
    },
    {
        "name": "ŞEKER BANK",
        "logo": "https://doruktip.com/paket/Fotograflar_tr/487.png"
    },
    {
        "name": "TÜRK NİPPON SİGORTA",
        "logo": "https://doruktip.com/paket/Fotograflar_tr/488.png"
    },
    {
        "name": "TÜRKİYE BÜYÜK MİLLET MECLİSİ",
        "logo": "https://doruktip.com/paket/Fotograflar_tr/463.png"
    },
    {
        "name": "TÜRKİYE KATILIM SİGORTA",
        "logo": "https://doruktip.com/paket/Fotograflar_tr/1141.png"
    },
    {
        "name": "TÜRKİYE SİGORTA",
        "logo": "https://doruktip.com/paket/Fotograflar_tr/1140.png"
    },
    {
        "name": "TZH VAKFI",
        "logo": "https://doruktip.com/paket/Fotograflar_tr/489.png"
    },
    {
        "name": "UNİCO SİGORTA",
        "logo": "https://doruktip.com/paket/Fotograflar_tr/490.png"
    },
    {
        "name": "VAKIF BANK",
        "logo": "https://doruktip.com/paket/Fotograflar_tr/469.png"
    },
    {
        "name": "VAKIF EMEKLİLİK SİGORTA",
        "logo": "https://doruktip.com/paket/Fotograflar_tr/491.png"
    },
    {
        "name": "ZİRAAT BANKASI",
        "logo": "https://doruktip.com/paket/Fotograflar_tr/492.png"
    },
    {
        "name": "ZİRAAT SİGORTA",
        "logo": "https://doruktip.com/paket/Fotograflar_tr/465.png"
    },
    {
        "name": "ZURİCH SİGORTA",
        "logo": "https://doruktip.com/paket/Fotograflar_tr/1144.png"
    }
]